{"spline": [{"start_location": [-1581.8399721100138, 7258.269230632828], "start_tangent": [-997.250526454983, 72.4005069624518], "end_location": [-2572.2863986129714, 8330.530826136908], "end_tangent": [-6.804099952025354, -999.8610885416283]}, {"start_location": [-1545.8425507264647, 6250.665572064829], "start_tangent": [-996.9035707084699, 77.31355766419165], "end_location": [-2473.43483495296, 5330.428244291008], "end_tangent": [-69.31128648197455, 997.5508854380123]}, {"start_location": [-4541.668369327643, 6268.755944811253], "start_tangent": [996.1490168334949, 77.94141601838419], "end_location": [-3478.6406497280555, 5348.970648640442], "end_tangent": [-66.87870276609237, 997.7267121891955]}, {"start_location": [-4576.456827487138, 7274.195030219429], "start_tangent": [996.7914871807852, 71.92166375038323], "end_location": [-3572.200953328191, 8345.98451788882], "end_tangent": [-7.464386978161656, -999.8678239190085]}]}